angle_deg,lap_time_s,maximum_speed_kph,tractive_energy_mj,iterations
0,65.6544096231027,340.536598422183,28.9290534954256,7
1,65.5048474653942,341.285420258702,29.0323902452137,7
2,65.3646083676855,342.104561573709,29.1380001086953,7
3,65.2391757340478,342.032421023719,29.2734455060208,7
4,65.1177326385671,341.89587217411,29.3856329892915,7
5,64.9950819299057,341.790561879708,29.5077318255092,7
6,64.8764169562075,341.537682453136,29.6301244344824,7
7,64.7640991432099,341.251470948118,29.7560598505086,7
8,64.6596624552757,340.876615285917,29.9123275108171,6
9,64.5600324266385,340.480662811118,30.0456913762796,6
10,64.4656575797231,340.020522642266,30.1065768647802,6
11,64.3745161850848,339.511743738596,30.2475468586944,6
12,64.2901126985997,338.892803428006,30.412738764017,6
13,64.2092876874739,338.304341738486,30.5590751416073,6
14,64.1360093935387,337.580260134376,30.7082897606544,6
15,64.069390305891,336.86982574135,30.7894975398229,6
16,64.0095121035695,336.089883695443,30.977244226192,6
17,63.9499193305522,335.294654407256,31.1430107624193,6
18,63.8936871462932,334.4999883233,31.2764280577719,6
19,64.0828730749913,336.039333273163,30.9450451331548,6
20,64.3271794998524,336.013213559357,30.7880822887201,6
21,64.6289610760614,334.79718548753,30.7861269427107,6
22,64.949697843393,332.906970871016,30.9374119435827,6
23,65.277738242618,331.46025452865,31.1172076328753,6
24,65.5951575236928,329.804666368599,31.3131579049752,7
25,65.8838906219894,327.31686566912,31.5590896919156,7
26,66.1358046543937,325.115635938247,31.7056569142342,7
27,66.3472911468008,323.324181508672,31.8248526865093,7
28,66.5232047425435,321.94942717631,31.9107023117571,7
29,66.6644599472163,320.94535812658,31.9715727822876,7
30,66.7745646718122,320.240012776557,32.0106615992477,7
