track,mode,open_angle_deg,closed_angle_deg,lap_time_s,converged,actuator_limited
low_downforce,active-ideal,0,12,67.2141756434,True,False
low_downforce,active-ideal,0,15,67.0792847837,True,False
low_downforce,active-ideal,0,18,67.0757371125,True,False
low_downforce,active-ideal,0,21,67.7097835458,True,False
low_downforce,active-ideal,0,24,68.7898872292,True,False
low_downforce,active-ideal,2,12,67.2269482768,True,False
low_downforce,active-ideal,2,15,67.0903898284,True,False
low_downforce,active-ideal,2,18,67.0839586742,True,False
low_downforce,active-ideal,2,21,67.7137663612,True,False
low_downforce,active-ideal,2,24,68.7977636949,True,False
low_downforce,active-ideal,5,12,67.2847046501,True,False
low_downforce,active-ideal,5,15,67.1284748654,True,False
low_downforce,active-ideal,5,18,67.1007358752,True,False
low_downforce,active-ideal,5,21,67.7473442365,True,False
low_downforce,active-ideal,5,24,68.8151404687,True,False
low_downforce,active-limited,0,12,67.2235861358,True,True
low_downforce,active-limited,0,15,67.0856344228,True,True
low_downforce,active-limited,0,18,67.0789554932,True,True
low_downforce,active-limited,0,21,67.7144838737,True,True
low_downforce,active-limited,0,24,68.7893898011,True,True
low_downforce,active-limited,2,12,67.2362371461,True,True
low_downforce,active-limited,2,15,67.0968163359,True,True
low_downforce,active-limited,2,18,67.0874461308,True,True
low_downforce,active-limited,2,21,67.7186540801,True,True
low_downforce,active-limited,2,24,68.7972662669,True,True
low_downforce,active-limited,5,12,67.2929302134,True,True
low_downforce,active-limited,5,15,67.1349060783,True,True
low_downforce,active-limited,5,18,67.1014353427,True,True
low_downforce,active-limited,5,21,67.7528946123,True,True
low_downforce,active-limited,5,24,68.8146430406,True,True
balanced,active-ideal,0,12,59.1539301335,True,False
balanced,active-ideal,0,15,59.5090185895,True,False
balanced,active-ideal,0,18,59.9470998507,True,False
balanced,active-ideal,0,21,60.0123536317,True,False
balanced,active-ideal,0,24,61.1668039712,True,False
balanced,active-ideal,2,12,59.1550832871,True,False
balanced,active-ideal,2,15,59.5108351828,True,False
balanced,active-ideal,2,18,59.9481752324,True,False
balanced,active-ideal,2,21,60.0134282664,True,False
balanced,active-ideal,2,24,61.167064352,True,False
balanced,active-ideal,5,12,59.155961237,True,False
balanced,active-ideal,5,15,59.5101872284,True,False
balanced,active-ideal,5,18,59.9508893878,True,False
balanced,active-ideal,5,21,60.0139499512,True,False
balanced,active-ideal,5,24,61.1677214601,True,False
balanced,active-limited,0,12,59.1540782252,True,True
balanced,active-limited,0,15,59.5091265182,True,True
balanced,active-limited,0,18,59.9472110441,True,True
balanced,active-limited,0,21,60.0124641558,True,True
balanced,active-limited,0,24,61.166929368,True,True
balanced,active-limited,2,12,59.1552313867,True,True
balanced,active-limited,2,15,59.510943114,True,True
balanced,active-limited,2,18,59.9482864283,True,True
balanced,active-limited,2,21,60.013538793,True,True
balanced,active-limited,2,24,61.1671897487,True,True
balanced,active-limited,5,12,59.1561469135,True,True
balanced,active-limited,5,15,59.5103389841,True,True
balanced,active-limited,5,18,59.9510005899,True,True
balanced,active-limited,5,21,60.014060484,True,True
balanced,active-limited,5,24,61.1678468569,True,True
high_downforce,active-ideal,0,12,63.6984151294,True,False
high_downforce,active-ideal,0,15,63.3311954531,True,False
high_downforce,active-ideal,0,18,62.9784251384,True,False
high_downforce,active-ideal,0,21,63.8381254573,True,False
high_downforce,active-ideal,0,24,64.5195316051,True,False
high_downforce,active-ideal,2,12,63.7049041835,True,False
high_downforce,active-ideal,2,15,63.3379404326,True,False
high_downforce,active-ideal,2,18,62.9847715577,True,False
high_downforce,active-ideal,2,21,63.8411955729,True,False
high_downforce,active-ideal,2,24,64.525544469,True,False
high_downforce,active-ideal,5,12,63.7272901538,True,False
high_downforce,active-ideal,5,15,63.357394891,True,False
high_downforce,active-ideal,5,18,62.9993687942,True,False
high_downforce,active-ideal,5,21,63.8545218236,True,False
high_downforce,active-ideal,5,24,64.5498909822,True,False
high_downforce,active-limited,0,12,63.6984151294,True,True
high_downforce,active-limited,0,15,63.3311954531,True,True
high_downforce,active-limited,0,18,62.9784251384,True,True
high_downforce,active-limited,0,21,63.8381254573,True,True
high_downforce,active-limited,0,24,64.5195316051,True,True
high_downforce,active-limited,2,12,63.7049041835,True,True
high_downforce,active-limited,2,15,63.3379404326,True,True
high_downforce,active-limited,2,18,62.9847715577,True,True
high_downforce,active-limited,2,21,63.8411955729,True,True
high_downforce,active-limited,2,24,64.525544469,True,True
high_downforce,active-limited,5,12,63.7272901538,True,True
high_downforce,active-limited,5,15,63.357394891,True,True
high_downforce,active-limited,5,18,62.9993687942,True,True
high_downforce,active-limited,5,21,63.8545218236,True,True
high_downforce,active-limited,5,24,64.5498909822,True,True
