angle_deg,speed_kph,front_downforce_percent,center_of_pressure_from_front_m
0,0,48.2639231683,2.23645761347
0,25,48.2639231683,2.23645761347
0,50,48.2639231683,2.23645761347
0,75,48.2639231683,2.23645761347
0,100,48.2639231683,2.23645761347
0,125,48.2639231683,2.23645761347
0,150,48.2639231683,2.23645761347
0,175,48.2639231683,2.23645761347
0,200,48.2639231683,2.23645761347
0,225,48.2639231683,2.23645761347
0,250,48.2639231683,2.23645761347
0,275,48.2639231683,2.23645761347
0,300,48.2639231683,2.23645761347
0,325,48.2639231683,2.23645761347
0,350,48.2639231683,2.23645761347
10,0,44.8920840846,2.30726623422
10,25,44.8920840846,2.30726623422
10,50,44.8920840846,2.30726623422
10,75,44.8920840846,2.30726623422
10,100,44.8920840846,2.30726623422
10,125,44.8920840846,2.30726623422
10,150,44.8920840846,2.30726623422
10,175,44.8920840846,2.30726623422
10,200,44.8920840846,2.30726623422
10,225,44.8920840846,2.30726623422
10,250,44.8920840846,2.30726623422
10,275,44.8920840846,2.30726623422
10,300,44.8920840846,2.30726623422
10,325,44.8920840846,2.30726623422
10,350,44.8920840846,2.30726623422
18,0,42.5158714972,2.35716669856
18,25,42.5158714972,2.35716669856
18,50,42.5158714972,2.35716669856
18,75,42.5158714972,2.35716669856
18,100,42.5158714972,2.35716669856
18,125,42.5158714972,2.35716669856
18,150,42.5158714972,2.35716669856
18,175,42.5158714972,2.35716669856
18,200,42.5158714972,2.35716669856
18,225,42.5158714972,2.35716669856
18,250,42.5158714972,2.35716669856
18,275,42.5158714972,2.35716669856
18,300,42.5158714972,2.35716669856
18,325,42.5158714972,2.35716669856
18,350,42.5158714972,2.35716669856
25,0,46.396876404,2.27566559552
25,25,46.396876404,2.27566559552
25,50,46.396876404,2.27566559552
25,75,46.396876404,2.27566559552
25,100,46.396876404,2.27566559552
25,125,46.396876404,2.27566559552
25,150,46.396876404,2.27566559552
25,175,46.396876404,2.27566559552
25,200,46.396876404,2.27566559552
25,225,46.396876404,2.27566559552
25,250,46.396876404,2.27566559552
25,275,46.396876404,2.27566559552
25,300,46.396876404,2.27566559552
25,325,46.396876404,2.27566559552
25,350,46.396876404,2.27566559552
30,0,47.6901417066,2.24850702416
30,25,47.6901417066,2.24850702416
30,50,47.6901417066,2.24850702416
30,75,47.6901417066,2.24850702416
30,100,47.6901417066,2.24850702416
30,125,47.6901417066,2.24850702416
30,150,47.6901417066,2.24850702416
30,175,47.6901417066,2.24850702416
30,200,47.6901417066,2.24850702416
30,225,47.6901417066,2.24850702416
30,250,47.6901417066,2.24850702416
30,275,47.6901417066,2.24850702416
30,300,47.6901417066,2.24850702416
30,325,47.6901417066,2.24850702416
30,350,47.6901417066,2.24850702416
