angle_deg,wing_cl,wing_cd,wing_efficiency_cl_over_cd,car_cl,car_cd,front_downforce_fraction,center_of_pressure_from_front_m
0,0.0762553873939,0.0567085554752,1.34468929344,2.43660258595,0.807220106628,0.482639231683,2.23645761347
1,0.114383081091,0.0588442498192,1.94382767122,2.45490387892,0.808245239913,0.479041159247,2.24401356558
2,0.152510774788,0.0618342219008,2.46644608923,2.4732051719,0.809680426512,0.475496337046,2.2514576922
3,0.190638468485,0.0656784717201,2.90260207785,2.49150646487,0.811525666426,0.472003591634,2.25879245757
4,0.228766162182,0.0703769992769,3.25058136227,2.50980775785,0.813780959653,0.468561783795,2.26602025403
5,0.266893855879,0.0759298045713,3.51500780735,2.52810905082,0.816446306194,0.465169807298,2.27314340467
6,0.305021549576,0.0823368876034,3.70455525408,2.5464103438,0.81952170605,0.461826587716,2.2801641658
7,0.343149243273,0.089598248373,3.82986553313,2.56471163677,0.823007159219,0.458531081288,2.2870847293
8,0.38127693697,0.0977138868802,3.90197288372,2.58301292975,0.826902665703,0.455282273835,2.29390722495
9,0.419404630667,0.106683803125,3.93128683437,2.60131422272,0.8312082255,0.45207917972,2.30063372259
10,0.457532324364,0.116507997108,3.92704651803,2.61961551569,0.835923838612,0.448920840846,2.30726623422
11,0.495660018061,0.127186468828,3.89711281892,2.63791680867,0.841049505037,0.445806325709,2.31380671601
12,0.533787711758,0.138719218285,3.84797231671,2.65621810164,0.846585224777,0.442734728474,2.3202570702
13,0.571915405455,0.151106245481,3.78485616948,2.67451939462,0.852530997831,0.439705168101,2.32661914699
14,0.610043099152,0.164347550413,3.71190868143,2.69282068759,0.858886824198,0.4367167875,2.33289474625
15,0.648170792848,0.178443133084,3.63236613058,2.71112198057,0.86565270388,0.433768752726,2.33908561927
16,0.686298486545,0.193392993492,3.5487246676,2.72942327354,0.872828636876,0.4308602522,2.34519347038
17,0.724426180242,0.209197131638,3.46288772973,2.74772456652,0.880414623186,0.427990495966,2.35121995847
18,0.762553873939,0.225855547521,3.37629020987,2.76602585949,0.88841066281,0.425158714972,2.35716669856
19,0.661041100687,0.194504793738,3.39858513501,2.71729972833,0.873362300994,0.432782584762,2.341156572
20,0.573041921012,0.194599477917,2.94472486333,2.67506012209,0.8734077494,0.439616287608,2.32680579602
21,0.496757376956,0.219792329521,2.26012153398,2.63844354094,0.88550031817,0.44571732605,2.3139936153
22,0.430627991621,0.262704694764,1.63920934876,2.60670143598,0.906098253487,0.451144877495,2.30259575726
23,0.37330188895,0.315740536386,1.18230586805,2.5791849067,0.931555457465,0.455958003223,2.29248819323
24,0.323607157466,0.37196102274,0.870002870414,2.55533143558,0.958541290915,0.46021427343,2.2835500258
25,0.280527893008,0.425789091272,0.658842367638,2.53465338864,0.984378763811,0.46396876404,2.27566559552
26,0.243183430712,0.473398666407,0.513696907002,2.51672804674,1.00723135988,0.467273371679,2.26872591947
27,0.21081034167,0.512753260286,0.411134083384,2.501188964,1.02612156494,0.470176390879,2.26262957915
28,0.182746826232,0.543355247043,0.336330287095,2.48771847659,1.04081051858,0.472722299997,2.25728317001
29,0.15841918491,0.565823843586,0.27997969104,2.47604120876,1.05159544492,0.474951707524,2.2526014142
30,0.137330090295,0.581429623068,0.236193831285,2.46591844334,1.05908621907,0.476901417066,2.24850702416
