angle_deg,corner_radius_m,maximum_corner_speed_kph
0,50,127.864699221
0,100,218.783091399
0,150,350.973306037
0,250,350.973306037
1,50,128.008649086
1,100,219.467962895
1,150,350.781419094
1,250,350.781419094
2,50,128.153068966
2,100,220.158779598
2,150,350.529514653
2,250,350.529514653
3,50,128.297961186
3,100,220.855619257
3,150,350.218018336
3,250,350.218018336
4,50,128.443328084
4,100,221.558560985
4,150,349.817044735
4,250,349.817044735
5,50,128.589172017
5,100,222.267685286
5,150,349.327714633
5,250,349.327714633
6,50,128.735495359
6,100,222.983074084
6,150,348.772783193
6,250,348.772783193
7,50,128.882300498
7,100,223.704810755
7,150,348.153258237
7,250,348.153258237
8,50,129.029589841
8,100,224.432980157
8,150,347.47025374
8,250,347.47025374
9,50,129.177365809
9,100,225.167668657
9,150,346.724984277
9,250,346.724984277
10,50,129.325630843
10,100,225.908964171
10,150,345.918759079
10,250,345.918759079
11,50,129.474387399
11,100,226.656956191
11,150,345.052975741
11,250,345.052975741
12,50,129.623637951
12,100,227.411735821
12,150,344.129113653
12,250,344.129113653
13,50,129.773384991
13,100,228.173395812
13,150,343.148727201
13,250,343.148727201
14,50,129.923631027
14,100,228.942030595
14,150,342.1134388
14,250,342.1134388
15,50,130.074378586
15,100,229.717736321
15,150,341.024931821
15,250,341.024931821
16,50,130.225630211
16,100,230.500610895
16,150,339.884943463
16,250,339.884943463
17,50,130.377388465
17,100,231.290754016
17,150,338.695257614
17,250,338.695257614
18,50,130.529655929
18,100,232.088267215
18,150,337.457697779
18,250,337.457697779
19,50,130.125378296
19,100,229.981195438
19,150,339.831412445
19,250,339.831412445
20,50,129.777816974
20,100,228.196005326
20,150,339.920918867
20,250,339.920918867
21,50,129.478676086
21,100,226.67858431
21,150,338.177793797
21,250,338.177793797
22,50,129.220958564
22,100,225.385188052
22,150,335.206023597
22,250,335.206023597
23,50,128.998741632
23,100,224.280135007
23,150,331.620581413
23,250,331.620581413
24,50,128.806996204
24,100,223.334091409
24,150,331.420763455
24,250,331.420763455
25,50,128.64144042
25,100,222.522776485
25,150,330.61560604
25,250,330.61560604
26,50,128.498420003
26,100,221.825971667
26,150,328.257648954
26,250,328.257648954
27,50,128.374809849
27,100,221.226753002
27,150,326.351477442
27,250,326.351477442
28,50,128.26793262
28,100,220.710889731
28,150,324.896594755
28,250,324.896594755
29,50,128.175491022
29,100,220.266368148
29,150,323.844707754
29,250,323.844707754
30,50,128.095511186
30,100,219.883011071
30,150,323.12371396
30,250,323.12371396
