angle_deg,speed_kph,downforce_n,drag_n,front_downforce_n,rear_downforce_n
0,0,0,0,0,0
0,25,107.958556416,35.7655031329,52.1050347222,55.8535216937
0,50,431.834225664,143.062012532,208.420138889,223.414086775
0,75,971.627007743,321.889528196,468.9453125,502.681695243
0,100,1727.33690265,572.248050127,833.680555556,893.656347099
0,125,2698.9639104,894.137578323,1302.62586806,1396.33804234
0,150,3886.50803097,1287.55811279,1875.78125,2010.72678097
0,175,5289.96926438,1752.50965351,2553.14670139,2736.82256299
0,200,6909.34761062,2288.99220051,3334.72222222,3574.6253884
0,225,8744.64306969,2897.00575377,4220.5078125,4524.13525719
0,250,10795.8556416,3576.55031329,5210.50347222,5585.35216937
0,275,13062.9853263,4327.62587909,6304.70920139,6758.27612494
0,300,15546.0321239,5150.23245114,7503.125,8042.90712389
0,325,18244.9960343,6044.37002947,8805.75086806,9439.24516624
0,350,21159.8770575,7010.03861406,10212.5868056,10947.290252
10,0,0,0,0,0
10,25,116.067310718,37.0372794524,52.1050347222,63.9622759956
10,50,464.269242871,148.149117809,208.420138889,255.849103982
10,75,1044.60579646,333.335515071,468.9453125,575.66048396
10,100,1857.07697148,592.596471238,833.680555556,1023.39641593
10,125,2901.68276795,925.931986309,1302.62586806,1599.05689989
10,150,4178.42318584,1333.34206029,1875.78125,2302.64193584
10,175,5687.29822517,1814.82669317,2553.14670139,3134.15152378
10,200,7428.30788594,2370.38588495,3334.72222222,4093.58566372
10,225,9401.45216814,3000.01963564,4220.5078125,5180.94435564
10,250,11606.7310718,3703.72794524,5210.50347222,6396.22759956
10,275,14044.1445969,4481.51081374,6304.70920139,7739.43539547
10,300,16713.6927434,5333.36824114,7503.125,9210.56774336
10,325,19615.3755113,6259.30022745,8805.75086806,10809.6246433
10,350,22749.1929007,7259.30677267,10212.5868056,12536.6060951
18,0,0,0,0,0
18,25,122.554314159,39.3628132936,52.1050347222,70.4492794371
18,50,490.217256637,157.451253175,208.420138889,281.797117748
18,75,1102.98882743,354.265319643,468.9453125,634.043514934
18,100,1960.86902655,629.805012698,833.680555556,1127.18847099
18,125,3063.85785398,984.070332341,1302.62586806,1761.23198593
18,150,4411.95530973,1417.06127857,1875.78125,2536.17405973
18,175,6005.16139381,1928.77785139,2553.14670139,3452.01469242
18,200,7843.4761062,2519.22005079,3334.72222222,4508.75388397
18,225,9926.8994469,3188.38787678,4220.5078125,5706.3916344
18,250,12255.4314159,3936.28132936,5210.50347222,7044.92794371
18,275,14829.0720133,4762.90040853,6304.70920139,8524.36281189
18,300,17647.8212389,5668.24511428,7503.125,10144.6962389
18,325,20711.6790929,6652.31544662,8805.75086806,11905.9282249
18,350,24020.6455752,7715.11140555,10212.5868056,13808.0587697
25,0,0,0,0,0
25,25,112.302893558,43.6148721668,52.1050347222,60.1978588357
25,50,449.211574232,174.459488667,208.420138889,240.791435343
25,75,1010.72604202,392.533849501,468.9453125,541.780729521
25,100,1796.84629693,697.837954669,833.680555556,963.165741371
25,125,2807.57233895,1090.37180417,1302.62586806,1504.94647089
25,150,4042.90416808,1570.13539801,1875.78125,2167.12291808
25,175,5502.84178434,2137.12873617,2553.14670139,2949.69508295
25,200,7187.38518771,2791.35181868,3334.72222222,3852.66296548
25,225,9096.53437819,3532.80464551,4220.5078125,4876.02656569
25,250,11230.2893558,4361.48721668,5210.50347222,6019.78588357
25,275,13588.6501205,5277.39953218,6304.70920139,7283.94091912
25,300,16171.6166723,6280.54159202,7503.125,8668.49167234
25,325,18979.1890113,7370.91339619,8805.75086806,10173.4381432
25,350,22011.3671373,8548.51494469,10212.5868056,11798.7803318
30,0,0,0,0,0
30,25,109.257454177,46.92493556,52.1050347222,57.1524194551
30,50,437.029816709,187.69974224,208.420138889,228.60967782
30,75,983.317087596,422.32442004,468.9453125,514.371775096
30,100,1748.11926684,750.798968961,833.680555556,914.438711281
30,125,2731.43635443,1173.123389,1302.62586806,1428.81048638
30,150,3933.26835038,1689.29768016,1875.78125,2057.48710038
30,175,5353.61525469,2299.32184244,2553.14670139,2800.4685533
30,200,6992.47706735,3003.19587584,3334.72222222,3657.75484512
30,225,8849.85378836,3800.91978036,4220.5078125,4629.34597586
30,250,10925.7454177,4692.493556,5210.50347222,5715.24194551
30,275,13220.1519555,5677.91720276,6304.70920139,6915.44275406
30,300,15733.0734015,6757.19072065,7503.125,8229.94840153
30,325,18464.509756,7930.31410965,8805.75086806,9658.75888791
30,350,21414.4610187,9197.28736977,10212.5868056,11201.8742132
