track,angle_deg,lap_time_s,maximum_speed_kph,minimum_speed_kph,tractive_energy_mj,full_throttle_fraction,maximum_braking_demand_kn,iterations,converged
low_downforce,0,69.0296212189,349.771696097,186.092119712,35.7048038873,0.715797463507,29.9918189302,6,True
low_downforce,1,68.9338754862,349.569773577,186.522630761,35.738394691,0.717209900395,29.9918706957,6,True
low_downforce,2,68.8444130939,349.302467336,186.955952967,35.7728543766,0.718643353465,29.9918655462,6,True
low_downforce,3,68.7629812027,348.968332983,187.392114104,35.8056181851,0.720108848523,29.991859945,6,True
low_downforce,4,68.6878944333,348.571637175,187.831142323,35.8471705252,0.722367168316,29.991853837,6,True
low_downforce,5,68.6151686537,348.124580095,188.27306615,35.9655314238,0.725376606243,29.9918469913,6,True
low_downforce,6,68.546420981,347.600611267,188.717914501,36.0496895868,0.727643971654,29.991839657,6,True
low_downforce,7,68.4840210709,347.01426724,189.165716681,36.1024519751,0.729947432102,29.9918318234,6,True
low_downforce,8,68.4283165645,346.368957742,189.616502396,36.1530229655,0.731502017982,29.9918234844,6,True
low_downforce,9,68.3772345909,345.674276484,190.070301755,36.2490092841,0.734607513531,29.9918125348,6,True
low_downforce,10,68.3315635656,344.908775663,190.52714528,36.3082939926,0.736191237012,29.9918781821,6,True
low_downforce,11,68.290189951,344.086648436,190.987063911,36.3738722711,0.738564183866,29.9918697117,6,True
low_downforce,12,68.2548734376,343.210164834,191.450089012,36.4784386866,0.740948832473,29.9918607801,6,True
low_downforce,13,68.221816445,342.286801542,191.916252383,36.5927749355,0.744119555586,29.9918513803,6,True
low_downforce,14,68.1977035342,341.300049531,192.385586259,36.704350616,0.746536585598,29.9918415056,6,True
low_downforce,15,68.1773137425,340.261910162,192.858123324,36.7863869853,0.748973403898,29.991831121,6,True
low_downforce,16,68.1662943783,339.175562569,193.333896715,36.8686492883,0.75144093248,29.9918198375,6,True
low_downforce,17,68.1543668901,338.045715042,193.812940033,37.0359061909,0.754672114521,29.9918080264,6,True
low_downforce,18,68.1503904847,336.861582268,194.295287347,37.1304579623,0.757151904163,29.9917956733,6,True
low_downforce,19,68.23967371,339.120587172,193.018360929,36.8666181785,0.750285680294,29.9918223876,6,True
low_downforce,20,68.4773374907,339.198337242,191.930073643,36.8312635775,0.746585500033,29.9918320013,6,True
low_downforce,21,68.8303454947,337.529331507,191.000346737,36.9171428857,0.744361827434,29.9918289766,6,True
low_downforce,22,69.2453997883,334.699793247,190.204461795,37.1055586319,0.743400251472,29.9918171969,6,True
low_downforce,23,69.6681082486,331.620581413,189.521964744,37.3726997359,0.742713025523,29.9917213415,6,True
low_downforce,24,70.0120940095,331.420763455,188.935827943,37.9495670804,0.733353714694,29.9917018589,6,True
low_downforce,25,70.4106103147,330.259226026,188.431801524,38.3596697598,0.744526384122,29.9916826232,6,True
low_downforce,26,70.7762220746,327.919839603,187.997905485,38.5681928354,0.744862764447,29.9916655774,6,True
low_downforce,27,71.0824997089,326.02750396,187.624027806,38.7354236425,0.745118793144,29.9916518139,6,True
low_downforce,28,71.3304765215,324.582196382,187.301603425,38.8575087077,0.745282816625,29.9916414169,6,True
low_downforce,29,71.5220147147,323.536803849,187.023355545,38.9401461729,0.744561403703,29.9916341928,6,True
low_downforce,30,71.6621295792,322.820292569,186.783085519,39.0004638019,0.744532052326,29.9916297375,6,True
balanced,0,58.8891116553,350.973306037,218.782905883,38.3012524433,0.896786436696,29.9918088173,5,True
balanced,1,58.8575689963,350.781419094,219.46777699,38.3404940232,0.897941024434,29.9918022373,5,True
balanced,2,58.8331042126,350.529514653,220.158593303,38.3837037055,0.89910549525,29.9917915318,5,True
balanced,3,58.8200919775,350.218018336,220.855432571,38.3882462338,0.899415770789,29.9918605357,5,True
balanced,4,58.8120978149,349.817044735,221.558373905,38.3968309033,0.899734427553,29.9918535116,5,True
balanced,5,58.8115714149,349.327714633,222.26749781,38.4416132513,0.900937983963,29.9918460109,5,True
balanced,6,58.8183133307,348.772783193,222.982886211,38.4518785084,0.901277704115,29.9918380252,5,True
balanced,7,58.8310462076,348.153258237,223.704622483,38.4627507915,0.901628312753,29.9918295458,5,True
balanced,8,58.8846511296,347.47025374,224.432791483,38.5392818129,0.903758506984,29.9918205639,5,True
balanced,9,58.9597615592,346.724984277,225.167479581,38.5996084806,0.9050276713,29.9918110702,5,True
balanced,10,59.0436501124,345.918759079,225.90877469,38.6963040601,0.906308901803,29.9918010556,5,True
balanced,11,59.1351760472,345.052975741,226.656766304,38.7667466938,0.907601172483,29.9917905105,5,True
balanced,12,59.2363028182,344.129113653,227.411545526,38.8387357083,0.908908734681,29.9917794249,5,True
balanced,13,59.3468184764,343.148727201,228.173205106,38.9129330291,0.910231057256,29.991767789,5,True
balanced,14,59.4626095594,342.1134388,228.941839478,38.993221485,0.911561793597,29.9917555923,5,True
balanced,15,59.5878321536,341.024931821,229.717544789,39.1124768254,0.913792226065,29.9917428242,5,True
balanced,16,59.7204297776,339.884943463,230.500418948,39.1973871023,0.915144961349,29.9917294739,5,True
balanced,17,59.8600645966,338.695257614,231.290561651,39.2850863787,0.915620490276,29.9917155303,5,True
balanced,18,60.0107978744,337.457697779,232.088074431,39.3618292116,0.91611010867,29.9917009819,5,True
balanced,19,59.743123603,339.831412445,229.981003766,39.1888434415,0.914107127827,29.9917329377,5,True
balanced,20,59.7845935241,339.920918867,228.195814608,39.1440479973,0.912644858825,29.9917466087,5,True
balanced,21,60.0733283705,338.177793797,226.678394411,39.2103977338,0.911624709575,29.9917461574,5,True
balanced,22,60.5307619797,335.206023597,225.384998857,39.3620090697,0.911803426509,29.9917358077,5,True
balanced,23,61.0742102426,331.620581413,224.279946418,39.5648976013,0.912161914288,29.9917195747,5,True
balanced,24,61.1888916364,331.420763455,223.333903341,40.4828520239,0.748667775116,29.9917009556,5,True
balanced,25,61.3970493928,330.61560604,222.522588867,41.1248596119,0.911101500879,29.9916826746,5,True
balanced,26,61.7903655007,328.257648954,221.825784437,41.4437707105,0.912277425217,29.991666571,5,True
balanced,27,62.1121914805,326.351477442,221.226566108,41.6705145819,0.912494857245,29.9916536268,5,True
balanced,28,62.3638185974,324.896594755,220.710703126,41.8404063085,0.912645470057,29.9916441045,5,True
balanced,29,62.5476589406,323.844707754,220.266181793,41.9626783372,0.912729410759,29.9915348775,5,True
balanced,30,62.6783068458,323.12371396,219.882824932,42.0422641963,0.91276277711,29.9915366584,5,True
high_downforce,0,66.7028893748,339.266078849,164.586471769,24.8593851599,0.535734112605,29.991702439,7,True
high_downforce,1,66.5509570102,340.245378001,164.888016263,24.9450698397,0.53792938508,29.9916943433,7,True
high_downforce,2,66.4156373382,340.488333509,165.191136977,25.0949642427,0.541841569506,29.9916856633,7,True
high_downforce,3,66.2863497106,340.404391001,165.495846394,25.2351806935,0.545003959233,29.9916763867,7,True
high_downforce,4,66.1560198132,340.430830814,165.802157132,25.3611808871,0.549181376106,29.9916665005,7,True
high_downforce,5,66.0239225952,340.307704916,166.110081948,25.4816152002,0.551577141828,29.9916559919,7,True
high_downforce,6,65.8956267852,340.090327375,166.419633739,25.6056826901,0.554841520172,29.9916448471,7,True
high_downforce,7,65.7661324564,339.836624126,166.730825542,25.7342033269,0.558126446553,29.9916330523,7,True
high_downforce,8,65.638207596,339.553141571,167.043670539,25.9011536617,0.562334118983,29.9916205931,7,True
high_downforce,9,65.5131737605,339.212785771,167.358182057,25.9932511892,0.564913254857,29.9916074549,7,True
high_downforce,10,65.3848917406,338.789823388,167.674373569,26.1591259135,0.568529134047,29.9915936223,7,True
high_downforce,11,65.2577529785,338.333634716,167.992258697,26.2957775114,0.572044785012,29.9916693712,6,True
high_downforce,12,65.1320531884,337.868441355,168.311851216,26.4347487096,0.575574484909,29.99165807,6,True
high_downforce,13,65.0106630586,337.370742651,168.633165051,26.6135905863,0.579981691664,29.991646133,6,True
high_downforce,14,64.8955588532,336.800119635,168.956214286,26.7492488704,0.58274459586,29.9916335656,6,True
high_downforce,15,64.7916806905,336.166228652,169.28101316,26.9194809147,0.58644295767,29.9916849684,6,True
high_downforce,16,64.700433336,335.520038147,169.60757607,27.0904855552,0.59002211466,29.9916721613,6,True
high_downforce,17,64.6102730946,334.836950199,169.935917576,27.2254389416,0.592685349825,29.9916585751,6,True
high_downforce,18,64.52767335,334.139744854,170.266052403,27.3155025819,0.594529522312,29.99164436,6,True
high_downforce,19,64.7837270479,335.423473962,169.391049128,27.0171520701,0.587952356003,29.9916749454,6,True
high_downforce,20,65.0823155817,335.276764635,168.64268487,26.859920433,0.582847607551,29.9916223293,6,True
high_downforce,21,65.403358418,334.097552506,168.001433008,26.8104042256,0.581432942047,29.9916194404,6,True
high_downforce,22,65.7281890478,332.467224468,167.451081876,26.8593872914,0.579633159265,29.9915145925,7,True
high_downforce,23,66.0480119594,331.428255581,166.978096361,26.9566278919,0.57907282128,29.9914971643,7,True
high_downforce,24,66.333340697,328.741234161,166.571120649,27.0765379102,0.580577509974,29.9914765215,7,True
high_downforce,25,66.5901152107,326.313078064,166.22058666,27.3200669211,0.584775380933,29.9914560505,7,True
high_downforce,26,66.8148833045,324.145356298,165.918402628,27.4244425224,0.58620720318,29.9914380281,7,True
high_downforce,27,67.00642604,322.381207062,165.657703143,27.4890014656,0.586644426571,29.9914236679,7,True
high_downforce,28,67.1674739867,321.024351057,165.43264686,27.5687767015,0.588798447325,29.9914133033,7,True
high_downforce,29,67.3002959779,320.032864114,165.238251552,27.5895156388,0.588114952173,29.9914066462,7,True
high_downforce,30,67.4100632376,319.328310542,165.070258678,27.6008982284,0.588119540104,29.9914030542,7,True
