track,parameter,metric,spearman_rho
low_downforce,environment.air_density_kgpm3,optimum_angle_deg,-0.0382475945272
low_downforce,environment.air_density_kgpm3,minimum_lap_time_s,0.0815786855787
low_downforce,environment.air_density_kgpm3,gain_vs_10deg_s,-0.00969357369357
low_downforce,environment.headwind_mps,optimum_angle_deg,-0.0791535917007
low_downforce,environment.headwind_mps,minimum_lap_time_s,0.294427674428
low_downforce,environment.headwind_mps,gain_vs_10deg_s,-0.161876333876
low_downforce,tyres.mu_lateral_ref,optimum_angle_deg,-0.293022785141
low_downforce,tyres.mu_lateral_ref,minimum_lap_time_s,-0.370002958003
low_downforce,tyres.mu_lateral_ref,gain_vs_10deg_s,-0.631416583417
low_downforce,tyres.mu_longitudinal_ref,optimum_angle_deg,0.120898896911
low_downforce,tyres.mu_longitudinal_ref,minimum_lap_time_s,-0.443552747553
low_downforce,tyres.mu_longitudinal_ref,gain_vs_10deg_s,0.225143469143
low_downforce,powertrain.power_scale,optimum_angle_deg,0.129210202198
low_downforce,powertrain.power_scale,minimum_lap_time_s,-0.7098004578
low_downforce,powertrain.power_scale,gain_vs_10deg_s,0.287992259992
low_downforce,aero.lift_curve_slope_scale,optimum_angle_deg,0.0749387138453
low_downforce,aero.lift_curve_slope_scale,minimum_lap_time_s,0.0442608082608
low_downforce,aero.lift_curve_slope_scale,gain_vs_10deg_s,0.0611031851032
low_downforce,aero.wing_cd0,optimum_angle_deg,-0.28234014896
low_downforce,aero.wing_cd0,minimum_lap_time_s,0.0642481602482
low_downforce,aero.wing_cd0,gain_vs_10deg_s,-0.522348186348
low_downforce,aero.stall_angle_deg,optimum_angle_deg,0.574657729047
low_downforce,aero.stall_angle_deg,minimum_lap_time_s,0.0248450768451
low_downforce,aero.stall_angle_deg,gain_vs_10deg_s,0.058237030237
low_downforce,aero.baseline_cl,optimum_angle_deg,-0.1917477434
low_downforce,aero.baseline_cl,minimum_lap_time_s,-0.156897252897
low_downforce,aero.baseline_cl,gain_vs_10deg_s,-0.300384648385
balanced,environment.air_density_kgpm3,optimum_angle_deg,-0.00112546227169
balanced,environment.air_density_kgpm3,minimum_lap_time_s,0.106285438285
balanced,environment.air_density_kgpm3,gain_vs_10deg_s,0.0149782949783
balanced,environment.headwind_mps,optimum_angle_deg,-0.10910334745
balanced,environment.headwind_mps,minimum_lap_time_s,0.320517296517
balanced,environment.headwind_mps,gain_vs_10deg_s,0.165298881299
balanced,tyres.mu_lateral_ref,optimum_angle_deg,-0.26122315565
balanced,tyres.mu_lateral_ref,minimum_lap_time_s,-0.121602937603
balanced,tyres.mu_lateral_ref,gain_vs_10deg_s,0.296753708754
balanced,tyres.mu_longitudinal_ref,optimum_angle_deg,0.10481659886
balanced,tyres.mu_longitudinal_ref,minimum_lap_time_s,-0.490397902398
balanced,tyres.mu_longitudinal_ref,gain_vs_10deg_s,-0.211203751204
balanced,powertrain.power_scale,optimum_angle_deg,0.124838369053
balanced,powertrain.power_scale,minimum_lap_time_s,-0.792104244104
balanced,powertrain.power_scale,gain_vs_10deg_s,-0.252123108123
balanced,aero.lift_curve_slope_scale,optimum_angle_deg,0.0326314008989
balanced,aero.lift_curve_slope_scale,minimum_lap_time_s,0.0613854133854
balanced,aero.lift_curve_slope_scale,gain_vs_10deg_s,-0.0093311973312
balanced,aero.wing_cd0,optimum_angle_deg,-0.774747591024
balanced,aero.wing_cd0,minimum_lap_time_s,0.0143912423912
balanced,aero.wing_cd0,gain_vs_10deg_s,0.850263682264
balanced,aero.stall_angle_deg,optimum_angle_deg,-0.0402461679369
balanced,aero.stall_angle_deg,minimum_lap_time_s,0.0409877209877
balanced,aero.stall_angle_deg,gain_vs_10deg_s,0.0246483366483
balanced,aero.baseline_cl,optimum_angle_deg,-0.126561995418
balanced,aero.baseline_cl,minimum_lap_time_s,-0.0344432384432
balanced,aero.baseline_cl,gain_vs_10deg_s,0.132480768481
high_downforce,environment.air_density_kgpm3,optimum_angle_deg,-0.0384344417788
high_downforce,environment.air_density_kgpm3,minimum_lap_time_s,0.0510366870367
high_downforce,environment.air_density_kgpm3,gain_vs_10deg_s,-0.0152797112797
high_downforce,environment.headwind_mps,optimum_angle_deg,0.0224346247732
high_downforce,environment.headwind_mps,minimum_lap_time_s,0.216534480534
high_downforce,environment.headwind_mps,gain_vs_10deg_s,-0.0893804213804
high_downforce,tyres.mu_lateral_ref,optimum_angle_deg,-0.00168630197063
high_downforce,tyres.mu_lateral_ref,minimum_lap_time_s,-0.64676043476
high_downforce,tyres.mu_lateral_ref,gain_vs_10deg_s,-0.543823275823
high_downforce,tyres.mu_longitudinal_ref,optimum_angle_deg,0.0137998259434
high_downforce,tyres.mu_longitudinal_ref,minimum_lap_time_s,-0.326933990934
high_downforce,tyres.mu_longitudinal_ref,gain_vs_10deg_s,0.1412003852
high_downforce,powertrain.power_scale,optimum_angle_deg,-0.0538687410131
high_downforce,powertrain.power_scale,minimum_lap_time_s,-0.511300807301
high_downforce,powertrain.power_scale,gain_vs_10deg_s,0.144648564649
high_downforce,aero.lift_curve_slope_scale,optimum_angle_deg,0.0328986504176
high_downforce,aero.lift_curve_slope_scale,minimum_lap_time_s,0.0211758811759
high_downforce,aero.lift_curve_slope_scale,gain_vs_10deg_s,0.0907665667666
high_downforce,aero.wing_cd0,optimum_angle_deg,0.00285436114139
high_downforce,aero.wing_cd0,minimum_lap_time_s,0.0608975408975
high_downforce,aero.wing_cd0,gain_vs_10deg_s,-0.234139302139
high_downforce,aero.stall_angle_deg,optimum_angle_deg,0.818175963289
high_downforce,aero.stall_angle_deg,minimum_lap_time_s,-0.0387529227529
high_downforce,aero.stall_angle_deg,gain_vs_10deg_s,0.552171864172
high_downforce,aero.baseline_cl,optimum_angle_deg,-0.0486704080333
high_downforce,aero.baseline_cl,minimum_lap_time_s,-0.282975858976
high_downforce,aero.baseline_cl,gain_vs_10deg_s,-0.287663555664
