track,percentile,metric,value,method
low_downforce,2.5,optimum_angle_deg,15,nominal full-solver sweep + first-order physics response surface
low_downforce,2.5,minimum_lap_time_s,66.5180698433,nominal full-solver sweep + first-order physics response surface
low_downforce,2.5,gain_vs_10deg_s,0.0795382324222,nominal full-solver sweep + first-order physics response surface
low_downforce,50,optimum_angle_deg,17,nominal full-solver sweep + first-order physics response surface
low_downforce,50,minimum_lap_time_s,68.4284177922,nominal full-solver sweep + first-order physics response surface
low_downforce,50,gain_vs_10deg_s,0.1713134422,nominal full-solver sweep + first-order physics response surface
low_downforce,97.5,optimum_angle_deg,18,nominal full-solver sweep + first-order physics response surface
low_downforce,97.5,minimum_lap_time_s,70.5264386786,nominal full-solver sweep + first-order physics response surface
low_downforce,97.5,gain_vs_10deg_s,0.276543404753,nominal full-solver sweep + first-order physics response surface
balanced,2.5,optimum_angle_deg,3,nominal full-solver sweep + first-order physics response surface
balanced,2.5,minimum_lap_time_s,57.245449066,nominal full-solver sweep + first-order physics response surface
balanced,2.5,gain_vs_10deg_s,0.193294240698,nominal full-solver sweep + first-order physics response surface
balanced,50,optimum_angle_deg,4,nominal full-solver sweep + first-order physics response surface
balanced,50,minimum_lap_time_s,59.007857213,nominal full-solver sweep + first-order physics response surface
balanced,50,gain_vs_10deg_s,0.239260797419,nominal full-solver sweep + first-order physics response surface
balanced,97.5,optimum_angle_deg,5,nominal full-solver sweep + first-order physics response surface
balanced,97.5,minimum_lap_time_s,60.8486824872,nominal full-solver sweep + first-order physics response surface
balanced,97.5,gain_vs_10deg_s,0.295237261634,nominal full-solver sweep + first-order physics response surface
high_downforce,2.5,optimum_angle_deg,16,nominal full-solver sweep + first-order physics response surface
high_downforce,2.5,minimum_lap_time_s,62.9888677235,nominal full-solver sweep + first-order physics response surface
high_downforce,2.5,gain_vs_10deg_s,0.63146418253,nominal full-solver sweep + first-order physics response surface
high_downforce,50,optimum_angle_deg,18,nominal full-solver sweep + first-order physics response surface
high_downforce,50,minimum_lap_time_s,64.8585178024,nominal full-solver sweep + first-order physics response surface
high_downforce,50,gain_vs_10deg_s,0.82001168437,nominal full-solver sweep + first-order physics response surface
high_downforce,97.5,optimum_angle_deg,18,nominal full-solver sweep + first-order physics response surface
high_downforce,97.5,minimum_lap_time_s,66.8599382996,nominal full-solver sweep + first-order physics response surface
high_downforce,97.5,gain_vs_10deg_s,0.975103574593,nominal full-solver sweep + first-order physics response surface
