parameter,perturbation_percent,baseline_lap_time_s,lap_time_s,change_from_nominal_s
environment.air_density_kgpm3,-10,58.8321725885,58.0931808169,-0.738991771626
environment.air_density_kgpm3,10,58.8321725885,60.1714018146,1.33922922609
tyres.mu_lateral_ref,-10,58.8321725885,60.0018039819,1.16963139344
tyres.mu_lateral_ref,10,58.8321725885,58.0187535131,-0.813419075442
tyres.mu_longitudinal_ref,-10,58.8321725885,58.8681790606,0.0360064720775
tyres.mu_longitudinal_ref,10,58.8321725885,58.7344699459,-0.097702642557
aero.wing_cd0,-10,58.8321725885,58.7810009815,-0.0511716069629
aero.wing_cd0,10,58.8321725885,58.8833077332,0.0511351446637
aero.baseline_cl,-10,58.8321725885,59.5350067651,0.702834176593
aero.baseline_cl,10,58.8321725885,58.4455484712,-0.386624117327
