track,mode,open_angle_deg,closed_angle_deg,lap_time_s,maximum_speed_kph,tractive_energy_mj,full_throttle_fraction
low_downforce,fixed-optimum,17.9957432405,17.9957432405,68.1503751875,336.866773246,37.1301018438,0.757147985988
low_downforce,open-wing,2,20,67.9522369011,340.109409505,35.2745328526,0.459549644011
low_downforce,active-ideal,0,18,67.605654979,337.643533239,34.8825436498,0.393960572044
low_downforce,active-limited,0,18,68.5992831863,349.720726343,38.7246737698,0.868803822553
balanced,fixed-optimum,4.99675185126,4.99675185126,58.8115603301,349.329410761,38.4415859737,0.900936900127
balanced,open-wing,2,20,59.7086881727,340.100233255,37.5788236522,0.462894524369
balanced,active-ideal,0,12,59.1522125038,344.315374617,37.8180531953,0.491409757236
balanced,active-limited,0,12,59.3526833484,349.717941992,38.6673774878,0.902301711891
high_downforce,fixed-optimum,18,18,64.52767335,334.139744854,27.3155025819,0.594529522312
high_downforce,open-wing,2,20,64.8270513137,337.04773447,26.5131872728,0.571147966119
high_downforce,active-ideal,0,18,64.1901450245,336.192802487,26.8753028314,0.582283933642
high_downforce,active-limited,0,18,64.6148768511,334.892282398,27.7501862712,0.656608327371
