angle_deg,top_speed_kph,zero_to_100_s,hundred_to_200_s,braking_300_to_0_m
0,350.973306037,2.35038290155,1.97800974639,105.611741977
1,350.781419094,2.34850885759,1.97138774083,105.450902366
2,350.529514653,2.34666682743,1.96502469245,105.288363824
3,350.218018336,2.3448565587,1.9589324418,105.124110158
4,349.817044735,2.34307780472,1.953072779,104.95812599
5,349.327714633,2.34133032438,1.94744739331,104.790396763
6,348.772783193,2.33961388202,1.94208093341,104.620908765
7,348.153258237,2.33792824735,1.93692831186,104.449649141
8,347.47025374,2.33627319536,1.93199963776,104.276605903
9,346.724984277,2.33464850617,1.92730870306,104.101822374
10,345.918759079,2.33305396501,1.92281532926,103.925316623
11,345.052975741,2.33148936207,1.91854859106,103.747009957
12,344.129113653,2.32995449245,1.91448974507,103.566893671
13,343.148727201,2.32844915605,1.91063078006,103.384959972
14,342.1134388,2.32697315751,1.90699665448,103.201201982
15,341.024931821,2.32552630611,1.90357936981,103.015613742
16,339.884943463,2.32410841569,1.90036329947,102.828190217
17,338.695257614,2.32271930462,1.89734409882,102.639082125
18,337.457697779,2.32135879565,1.89454262681,102.448213302
19,339.831412445,2.32537714421,1.90401320495,102.904242898
20,339.920918867,2.32970374974,1.91659547321,103.190581325
21,338.177793797,2.33424069048,1.93161144542,103.335677512
22,335.206023597,2.3388441133,1.94814554471,103.374180682
23,331.620581413,2.34334906472,1.96527318043,103.342197839
24,331.420763455,2.3475973781,1.98209218859,103.273074247
25,330.61560604,2.35146158547,1.99782955858,103.193569713
26,328.257648954,2.35485981955,2.01192388698,103.122572435
27,326.351477442,2.35775981772,2.02410216844,103.070806648
28,324.896594755,2.36017330257,2.03427119685,103.042221717
29,323.844707754,2.36214416859,2.0425545615,103.035863912
30,323.12371396,2.36373456714,2.04919289781,103.047393689
