time_s,speed_mps,speed_kph,wing_angle_deg,downforce_n,drag_n
0,20,72,5,929.080076177017,300.04401752638
0.368642853160683,23.9894541189707,86.3620348282946,5,1336.69981186141,431.683761240446
0.768642853160683,28.2435726566686,101.676861564007,5,1852.81653996326,598.362329194951
1.16864285316068,32.4083378588811,116.670016291972,5,2439.53285264026,787.840851141352
1.56864285316068,36.4728825074511,131.302377026824,5,3089.82107296133,997.849756916272
1.96864285316068,40.4275172986687,145.539062275207,5,3796.18438792185,1225.96797006976
2.36864285316068,44.2637929209176,159.349654515303,5,4550.82784210345,1469.67812982728
2.76864285316068,47.9745347633656,172.708325148116,5,5345.82452644212,1726.42026132433
3.16864285316068,51.5538514763164,185.593865314739,5,6173.27164182129,1993.64217594181
3.56864285316068,54.9971193871069,197.989629793585,5,7025.4321073496,2268.84520333463
3.96864285316068,58.3009453878572,209.883403396286,5,7894.8584887772,2549.6242137945
4.36864285316068,61.4631113414011,221.267200829044,5,8774.49715676392,2833.70125589437
4.76864285316068,64.4825033010251,232.13701188369,5,9657.77167174789,3118.95248541698
4.99999999999994,66.1636508495931,238.189143058535,5,10167.9190006526,3283.70325127642
5,66.1636508495935,238.189143058537,5.00000000000512,10167.9190006531,3283.70325127652
5.00000000000006,66.1636508495939,238.189143058538,5.00000000001023,10167.9190006536,3283.70325127662
5.40000000000006,68.9578704459512,248.248333605424,18,12084.293657369,3881.31416085551
5.80000000000006,71.4517337972512,257.226241670104,18,12974.1564667858,4167.12624233383
6.20000000000006,73.8040144392262,265.694451981214,18,13842.4689616663,4446.01664983169
6.60000000000006,76.0184826955365,273.666537703931,18,14685.6097093574,4716.82222741812
7.00000000000006,78.0994371272669,281.157973658161,18,15500.6316437288,4978.59641670676
7.40000000000006,80.0515992843247,288.185757423569,18,16285.2193882976,5230.59554961195
7.80000000000006,81.8800159338732,294.768057361944,18,17037.639513545,5472.26287166138
8.20000000000006,83.5899696874837,300.923890874941,18,17756.6863537246,5703.21113907672
8.60000000000006,85.186898554389,306.672834795801,18,18441.6256505972,5923.20451789178
9.00000000000006,86.6763246134503,312.034768608421,18,19092.1379143683,6132.14039224014
9.40000000000006,88.0637917223165,317.029650200339,18,19708.263019384,6330.03156923068
9.80000000000006,89.3548119665683,321.677323079646,18,20290.3472012059,6516.98925511395
10.2000000000001,90.5548203898855,325.997353403588,18,20838.9933041174,6693.2070754439
10.6000000000001,91.669137432487,330.008894756953,18,21355.0148505553,6858.94632279117
11.0000000000001,92.7029384325681,333.730578357245,18,21839.3942690971,7014.52254012902
11.4000000000001,93.6612295073171,337.180426226342,18,22293.2454251512,7160.29348619001
11.8000000000001,94.5488291196721,340.37578483082,18,22717.7804459744,7296.64848010355
12.2000000000001,95.3703546481544,343.333276733356,18,23114.2807153057,7423.99908525874
12.6000000000001,96.1302133043955,346.068767895824,18,23484.0718282478,7542.77106514564
13.0000000000001,96.8325967816649,348.597348413994,18,23828.5022392637,7653.39752537654
13.4000000000001,97.48147906384,350.933324629824,18,24148.9253006005,7756.31314466661
13.8000000000001,98.0806168746334,353.09022074868,18,24446.6843706848,7851.94939184904
14.2000000000001,98.6335522989612,355.08078827626,18,24723.1006681233,7940.7306247418
14.6000000000001,99.1436171601536,356.917021776553,18,24979.4635534199,8023.07096876454
15.0000000000001,99.6139387868482,358.610179632653,18,25217.0229344846,8099.37187768925
15.4000000000001,100.047446850858,360.170808663088,18,25436.9835110435,8170.02028502147
15.8000000000001,100.446881001418,361.608771605103,18,25640.5005952297,8235.38726162969
16.2000000000001,100.814799061611,362.933276621799,18,25828.6772694208,8295.82710288057
16.6000000000001,101.153585589289,364.152908121441,18,26002.562666633,8351.6767763246
17.0000000000001,101.465460637437,365.275658294774,18,26163.1511826349,8403.25566863735
17.4000000000001,101.752488577797,366.30895888007,18,26311.3824517916,8450.865577861
17.8000000000001,102.016586876874,367.259712756745,18,26448.1419401021,8494.79090388015
18.2000000000001,102.259534735403,368.134325047449,18,26574.2620286959,8535.29899642629
18.6000000000001,102.482981521309,368.938733476712,18,26690.523479083,8572.64062569676
19.0000000000001,102.688454942338,369.678437792417,18,26797.657187682,8607.05054588574
19.4000000000001,102.877368918254,370.358528105716,18,26896.3461516006,8638.74812656674
19.8000000000001,103.051031124006,370.983712046422,18,26987.2275804011,8667.93803096361
20,103.132524188294,371.277087077857,18,27029.9276183056,8681.6527143772
